{
    "train_metrics": {
        "holdout_rmse": 0.016724183281945172,
        "holdout_mae": 0.014663644850445098,
        "holdout_mape": 0.46593661874623277,
        "holdout_r2": 0.8458202785554787
    }
}